Workbook

Sheet Version Log
B5: Version | C5: Date Updated
B6: 1 | C6: 2025.09.01
B7: 2 | C7: 2025.10.20

Sheet Solar Data v1
A1: ACCOUNT_NO | B1: TRANSFORMER_CODE | C1: POLE | D1: CAPACITY | E1: INV_CAPACITY | F1: NET_CON_START_DATE | G1: Tr cap | K1: tx_id | L1: kVA_rating
A2: 0200162809 | B2: AZ0102 | C2: PN69C | D2: 16.5 | E2: 15 | F2: 44097.661 | G2: =VLOOKUP(B2,'Transformer Data'!B:C,2,FALSE) -> 250 | K2: AZ9612 | L2: 160
A3: 0200251711 | B3: AZ0653 | C3: PW28/6 | D3: 33.6 | E3: 30 | F3: 45530.527 | G3: =VLOOKUP(B3,'Transformer Data'!B:C,2,FALSE) -> 160 | K3: AZ0028 | L3: 160
A4: 0200323002 | B4: AZ0106 | C4: PW70/24/12 | D4: 4.72 | E4: 5 | F4: 45517.468 | G4: =VLOOKUP(B4,'Transformer Data'!B:C,2,FALSE) -> 160 | K4: AZ0708 | L4: 160
A5: 0200330504 | B5: AZ0106 | C5: PW70/24/4 | D5: 6.05 | E5: 5 | F5: 45819.759 | G5: =VLOOKUP(B5,'Transformer Data'!B:C,2,FALSE) -> 160 | K5: AZ0076 | L5: 100
A6: 0200337005 | B6: AZ0106 | C6: PW70/24/10F | D6: 6.05 | E6: 5 | F6: 45881.775 | G6: =VLOOKUP(B6,'Transformer Data'!B:C,2,FALSE) -> 160 | K6: AZ0091 | L6: 160
A7: 0200359302 | B7: AZ0652 | C7: PW6/13-1/1 | D7: 10.87 | E7: 12.5 | F7: 44189.622 | G7: =VLOOKUP(B7,'Transformer Data'!B:C,2,FALSE) -> 630 | K7: AZ0733 | L7: 160
A8: 0200361304 | B8: AZ0689 | C8: PW13 | D8: 42.24 | E8: 40 | F8: 43251.561 | G8: =VLOOKUP(B8,'Transformer Data'!B:C,2,FALSE) -> 160 | K8: AZ0061 | L8: 160
A9: 0200396702 | B9: AZ0676 | C9: PN16Y/D | D9: 3.41 | E9: 3 | F9: 44282.402 | G9: =VLOOKUP(B9,'Transformer Data'!B:C,2,FALSE) -> 160 | K9: AZ0067 | L9: 100
A10: 0200399001 | B10: AZ0676 | C10: PN16Y/F | D10: 8.25 | E10: 8 | F10: 43154.739 | G10: =VLOOKUP(B10,'Transformer Data'!B:C,2,FALSE) -> 160 | K10: AZ0074 | L10: 100
A11: 0200399903 | B11: AZ0676 | C11: PN16Y/H | D11: 5.45 | E11: 5 | F11: 45369.623 | G11: =VLOOKUP(B11,'Transformer Data'!B:C,2,FALSE) -> 160 | K11: AZ0077 | L11: 250
A12: 0200402708 | B12: AZ0676 | C12: PN16Y/L/A | D12: 2.2 | E12: 2 | F12: 45369.681 | G12: =VLOOKUP(B12,'Transformer Data'!B:C,2,FALSE) -> 160 | K12: AZ0089 | L12: 160
A13: 0200409902 | B13: AZ0676 | C13: PN16X/B | D13: 40.12 | E13: 40 | F13: 45772.759 | G13: =VLOOKUP(B13,'Transformer Data'!B:C,2,FALSE) -> 160 | K13: AZ0090 | L13: 160
... A300: 0200986302 | B300: AZ0097 | C300: DW86F1 | D300: 5.46 | E300: 5 | F300: 44641.761 | G300: =VLOOKUP(B300,'Transformer Data'!B:C,2,FALSE) -> 160 | K300: AZ9848 | L300: 100
A301: 0200989305 | B301: AZ0096 | C301: DW87/1-1 | D301: 6.16 | E301: 5 | F301: 45467.507 | G301: =VLOOKUP(B301,'Transformer Data'!B:C,2,FALSE) -> 160 | K301: AZ9842 | L301: null
A302: 0200704405 | B302: AZ0092 | C302: DP64/12 | D302: 6.72 | E302: 5 | F302: 45649.758 | G302: =VLOOKUP(B302,'Transformer Data'!B:C,2,FALSE) -> 100 | K302: AZ9844 | L302: 160
A303: 0200806804 | B303: AZ0090 | C303: DP68 | D303: 5.5 | E303: 5 | F303: 45236.484 | G303: =VLOOKUP(B303,'Transformer Data'!B:C,2,FALSE) -> 160 | K303: AZ0702 | L303: 160
A304: 0200807002 | B304: AZ0090 | C304: DP68//1 | D304: 4.16 | E304: 4 | F304: 43063.725 | G304: =VLOOKUP(B304,'Transformer Data'!B:C,2,FALSE) -> 160 | K304: AZ0360 | L304: 160
A305: 0200808003 | B305: AZ0090 | C305: DP64-1C | D305: 6.05 | E305: 5 | F305: 45850.679 | G305: =VLOOKUP(B305,'Transformer Data'!B:C,2,FALSE) -> 160 | K305: AZ9813 | L305: 400
A306: 0200808311 | B306: AZ0090 | C306: DP64-1B/A | D306: 2 | E306: 2 | F306: 43325.725 | G306: =VLOOKUP(B306,'Transformer Data'!B:C,2,FALSE) -> 160 | K306: AZ9843 | L306: 100
A307: 0200810808 | B307: AZ0724 | C307: DW105 | D307: 4.6 | E307: 4.6 | F307: 42686 | G307: =VLOOKUP(B307,'Transformer Data'!B:C,2,FALSE) -> 100 | K307: AZ0014 | L307: 160
A308: 0200901206 | B308: AZ0097 | C308: DW90A/B | D308: 6.05 | E308: 5 | F308: 45850.678 | G308: =VLOOKUP(B308,'Transformer Data'!B:C,2,FALSE) -> 160 | K308: AZ9822 | L308: 160
A309: 0200901503 | B309: AZ0097 | C309: DW89 | D309: 6.15 | E309: 5 | F309: 45765.745 | G309: =VLOOKUP(B309,'Transformer Data'!B:C,2,FALSE) -> 160 | K309: AZ0021 | L309: 160
A310: 0200901602 | B310: AZ0097 | C310: DW89A | D310: 6.15 | E310: 5 | F310: 45728.731 | G310: =VLOOKUP(B310,'Transformer Data'!B:C,2,FALSE) -> 160 | K310: AZ9829 | L310: 160
A311: 0200901811 | B311: AZ0097 | C311: DW89 | D311: 15 | E311: 15 | F311: 44614.775 | G311: =VLOOKUP(B311,'Transformer Data'!B:C,2,FALSE) -> 160 | K311: AZ0023 | L311: 250
A312: 0200902405 | B312: AZ0097 | C312: DW89 | D312: 19.98 | E312: 20 | F312: 44614.821 | G312: =VLOOKUP(B312,'Transformer Data'!B:C,2,FALSE) -> 160 | K312: AZ9834 | L312: 160
A313: 0200906002 | B313: AZ0096 | C313: DW87/17 | D313: 5.31 | E313: 5 | F313: 45822.622 | G313: =VLOOKUP(B313,'Transformer Data'!B:C,2,FALSE) -> 160 | K313: AZ9826 | L313: 250
... A577: 0202830309 | B577: AZ0703 | C577: DH16 | D577: 5.6 | E577: 5 | F577: 45393.454 | G577: =VLOOKUP(B577,'Transformer Data'!B:C,2,FALSE) -> 160 | K577: BZ9640 | L577: 250
A578: 0202833301 | B578: AZ0730 | C578: DH13 | D578: 5.5 | E578: 5 | F578: 45037.8 | G578: =VLOOKUP(B578,'Transformer Data'!B:C,2,FALSE) -> 160 | K578: AZ9063 | L578: null
A579: 0202836007 | B579: AZ0059 | C579: DK52B | D579: 5.6 | E579: 5 | F579: 44516.763 | G579: =VLOOKUP(B579,'Transformer Data'!B:C,2,FALSE) -> 160 | K579: AZ9054 | L579: 160
A580: 0202839901 | B580: AZ0059 | C580: DK56/1A | D580: 9.6 | E580: 10 | F580: 44123.447 | G580: =VLOOKUP(B580,'Transformer Data'!B:C,2,FALSE) -> 160 | K580: AZ0670 | L580: 160
A581: 0202840605 | B581: AZ0059 | C581: DK55-1/5 | D581: 5.9 | E581: 6 | F581: 45621.729 | G581: =VLOOKUP(B581,'Transformer Data'!B:C,2,FALSE) -> 160 | K581: AZ9762 | L581: 400
A582: 0202855906 | B582: AZ0131 | C582: DK37ZF8 | D582: 5.06 | E582: 5 | F582: 44490.777 | G582: =VLOOKUP(B582,'Transformer Data'!B:C,2,FALSE) -> 160 | K582: AZ9068 | L582: 160
A583: 0202856302 | B583: AZ0131 | C583: DK37ZF7B | D583: 5.85 | E583: 6 | F583: 43487.518 | G583: =VLOOKUP(B583,'Transformer Data'!B:C,2,FALSE) -> 160 | K583: AZ9906 | L583: 100
A584: 0202858007 | B584: AZ0060 | C584: DK59-1 | D584: 5.8 | E584: 5 | F584: 45485.754 | G584: =VLOOKUP(B584,'Transformer Data'!B:C,2,FALSE) -> 160 | K584: AZ9039 | L584: 400
A585: 0202859503 | B585: AZ0060 | C585: DK60C | D585: 5.5 | E585: 5 | F585: 45348.398 | G585: =VLOOKUP(B585,'Transformer Data'!B:C,2,FALSE) -> 160 | K585: AZ9066 | L585: 250
A586: 0202859602 | B586: AZ0060 | C586: DK60C | D586: 5.52 | E586: 5 | F586: 45348.396 | G586: =VLOOKUP(B586,'Transformer Data'!B:C,2,FALSE) -> 160 | K586: AZ9065 | L586: 100
A587: 0202860801 | B587: AZ0060 | C587: DK62//3 | D587: 5.1 | E587: 6 | F587: 42940.659 | G587: =VLOOKUP(B587,'Transformer Data'!B:C,2,FALSE) -> 160 | K587: AZ9070 | L587: 400
A588: 0202861208 | B588: AZ0060 | C588: DK62//5 | D588: 3 | E588: 3 | F588: 45391.708 | G588: =VLOOKUP(B588,'Transformer Data'!B:C,2,FALSE) -> 160 | K588: AZ0655 | L588: 100
A589: 0202861604 | B589: AZ0060 | C589: DK62//5 | D589: 4.55 | E589: 6 | F589: 43651.538 | G589: =VLOOKUP(B589,'Transformer Data'!B:C,2,FALSE) -> 160 | K589: AZ9003 | L589: 100
A590: 0202165601 | B590: AZ0040 | C590: DER26ZZZL9 | D590: 7.08 | E590: 6 | F590: 45485.729 | G590: =VLOOKUP(B590,'Transformer Data'!B:C,2,FALSE) -> 160 | K590: AZ9008 | L590: 160
... A966: 0201518207 | B966: AZ0077 | C966: DP16W/B | D966: 6.05 | E966: 5 | F966: 45850.676 | G966: =VLOOKUP(B966,'Transformer Data'!B:C,2,FALSE) -> 250 | K966: BZ0038 | L966: 160
A967: 0201518405 | B967: AZ0077 | C967: DP16W/C | D967: 6.84 | E967: 5 | F967: 45470.537 | G967: =VLOOKUP(B967,'Transformer Data'!B:C,2,FALSE) -> 250
A968: 0203694601 | B968: AZ0763 | C968: DWT19M | D968: 5.22 | E968: 5 | F968: 45359.64 | G968: =VLOOKUP(B968,'Transformer Data'!B:C,2,FALSE) -> 160
A969: 0203697406 | B969: AZ0763 | C969: DWT19E | D969: 3.12 | E969: 3 | F969: 43063.729 | G969: =VLOOKUP(B969,'Transformer Data'!B:C,2,FALSE) -> 160
A970: 0203697901 | B970: AZ0763 | C970: DWT19C | D970: 4 | E970: 3.3 | F970: 41815 | G970: =VLOOKUP(B970,'Transformer Data'!B:C,2,FALSE) -> 160
A971: 0203703907 | B971: AZ0018 | C971: DKR12/6/2A | D971: 5.5 | E971: 5 | F971: 45491.646 | G971: =VLOOKUP(B971,'Transformer Data'!B:C,2,FALSE) -> 100
A972: 0203788409 | B972: AZ0016 | C972: DDP119E | D972: 5 | E972: 5 | F972: 45531.532 | G972: =VLOOKUP(B972,'Transformer Data'!B:C,2,FALSE) -> 160
A973: 0203791610 | B973: AZ0016 | C973: DDP119C | D973: 6.3 | E973: 5 | F973: 45714.631 | G973: =VLOOKUP(B973,'Transformer Data'!B:C,2,FALSE) -> 160
A974: 0203791907 | B974: AZ0016 | C974: DDP119F | D974: 7.38 | E974: 6 | F974: 45864.414 | G974: =VLOOKUP(B974,'Transformer Data'!B:C,2,FALSE) -> 160
A975: 0203792402 | B975: AZ0016 | C975: DDP119C | D975: 5.5 | E975: 5 | F975: 45471.413 | G975: =VLOOKUP(B975,'Transformer Data'!B:C,2,FALSE) -> 160
A976: 0203959811 | B976: AZ0766 | C976: DWT40/7B | D976: 2.72 | E976: 4 | F976: 43279.741 | G976: =VLOOKUP(B976,'Transformer Data'!B:C,2,FALSE) -> 160
A977: 0203960504 | B977: AZ0766 | C977: DWT40/8 | D977: 5.46 | E977: 5 | F977: 44501.731 | G977: =VLOOKUP(B977,'Transformer Data'!B:C,2,FALSE) -> 160
A978: 0203961703 | B978: AZ0766 | C978: DWT41B | D978: 3 | E978: 3 | F978: 42767 | G978: =VLOOKUP(B978,'Transformer Data'!B:C,2,FALSE) -> 160
... A1174: 0203872801 | B1174: AZ0033 | C1174: DWT35/16 | D1174: 5.8 | E1174: 5 | F1174: 45862.746 | G1174: =VLOOKUP(B1174,'Transformer Data'!B:C,2,FALSE) -> 160
A1175: 0203875210 | B1175: AZ0033 | C1175: DWT35/16 | D1175: 5.22 | E1175: 5 | F1175: 45491.663 | G1175: =VLOOKUP(B1175,'Transformer Data'!B:C,2,FALSE) -> 160 | K1175: AZ0799 | L1175: 160
A1176: 0202971901 | B1176: AZ0058 | C1176: DK40/4 | D1176: 5.55 | E1176: 5 | F1176: 45623.6 | G1176: =VLOOKUP(B1176,'Transformer Data'!B:C,2,FALSE) -> 160
A1177: 0202973903 | B1177: AZ0058 | C1177: DK40/1/5 | D1177: 4.95 | E1177: 5 | F1177: 45290.616 | G1177: =VLOOKUP(B1177,'Transformer Data'!B:C,2,FALSE) -> 160
A1178: 0202974508 | B1178: AZ0058 | C1178: DK39 | D1178: 7.15 | E1178: 6 | F1178: 45490.638 | G1178: =VLOOKUP(B1178,'Transformer Data'!B:C,2,FALSE) -> 160
A1179: 0202975806 | B1179: AZ0058 | C1179: DK37///B | D1179: 4.95 | E1179: 5 | F1179: 45376.674 | G1179: =VLOOKUP(B1179,'Transformer Data'!B:C,2,FALSE) -> 160
A1180: 0202976609 | B1180: AZ0058 | C1180: DK35-1 | D1180: 5.2 | E1180: 5.4 | F1180: 42978 | G1180: =VLOOKUP(B1180,'Transformer Data'!B:C,2,FALSE) -> 160
A1181: 0203060902 | B1181: AZ0071 | C1181: DW1HA1 | D1181: 3.3 | E1181: 5 | F1181: 45409.675 | G1181: =VLOOKUP(B1181,'Transformer Data'!B:C,2,FALSE) -> 250
A1182: 0203152510 | B1182: AZ0757 | C1182: DKR104V/A | D1182: 20.8 | E1182: 20 | F1182: 44219.427 | G1182: =VLOOKUP(B1182,'Transformer Data'!B:C,2,FALSE) -> 160
A1183: 0203152708 | B1183: AZ0757 | C1183: DKR104V4 | D1183: 6.6 | E1183: 6 | F1183: 45320.793 | G1183: =VLOOKUP(B1183,'Transformer Data'!B:C,2,FALSE) -> 160
A1184: 0203153302 | B1184: AZ0757 | C1184: DKR104V4 | D1184: 5.22 | E1184: 5 | F1184: 45461.649 | G1184: =VLOOKUP(B1184,'Transformer Data'!B:C,2,FALSE) -> 160
A1185: 0203154501 | B1185: AZ0757 | C1185: DKR104V/D | D1185: 4.95 | E1185: 5 | F1185: 45252.811 | G1185: =VLOOKUP(B1185,'Transformer Data'!B:C,2,FALSE) -> 160
A1186: 0203158208 | B1186: AZ0757 | C1186: DKR104V/G2B | D1186: 5.92 | E1186: 5 | F1186: 44247.7 | G1186: =VLOOKUP(B1186,'Transformer Data'!B:C,2,FALSE) -> 160
A1187: 0203158307 | B1187: AZ0757 | C1187: DKR104V/H | D1187: 5.58 | E1187: 6 | F1187: 45714.616 | G1187: =VLOOKUP(B1187,'Transformer Data'!B:C,2,FALSE) -> 160
... A1228: 0203359805 | B1228: AZ0776 | C1228: DER26W/H3/6 | D1228: 6.35 | E1228: 5 | F1228: 45864.419 | G1228: =VLOOKUP(B1228,'Transformer Data'!B:C,2,FALSE) -> 160
A1229: 0203360608 | B1229: AZ0776 | C1229: DER26W/H3/2 | D1229: 7.08 | E1229: 8 | F1229: 45562.786 | G1229: =VLOOKUP(B1229,'Transformer Data'!B:C,2,FALSE) -> 160 | K1229: AZ0798 | L1229: 100
A1230: 0203361301 | B1230: AZ0776 | C1230: DER26W/H3/7 | D1230: 5.34 | E1230: 5 | F1230: 44501.655 | G1230: =VLOOKUP(B1230,'Transformer Data'!B:C,2,FALSE) -> 160
A1231: 0203362610 | B1231: AZ0776 | C1231: DER26W/H11 | D1231: 6.05 | E1231: 5 | F1231: 45864.408 | G1231: =VLOOKUP(B1231,'Transformer Data'!B:C,2,FALSE) -> 160
A1232: 0203363501 | B1232: AZ0776 | C1232: DER26W/H9 | D1232: 3.4 | E1232: 3 | F1232: 43763.707 | G1232: =VLOOKUP(B1232,'Transformer Data'!B:C,2,FALSE) -> 160
A1233: 0203364304 | B1233: AZ0776 | C1233: DER26W/H9 | D1233: 3.33 | E1233: 3 | F1233: 43794.714 | G1233: =VLOOKUP(B1233,'Transformer Data'!B:C,2,FALSE) -> 160
A1234: 0203366306 | B1234: AZ0768 | C1234: DKR95/7/15/15B | D1234: 5.5 | E1234: 5 | F1234: 45216.503 | G1234: =VLOOKUP(B1234,'Transformer Data'!B:C,2,FALSE) -> 160
A1235: 0203366504 | B1235: AZ0768 | C1235: DKR95/7/15/15B | D1235: 5.5 | E1235: 5 | F1235: 45231.508 | G1235: =VLOOKUP(B1235,'Transformer Data'!B:C,2,FALSE) -> 160
A1236: 0203367802 | B1236: AZ0768 | C1236: DKR95/7/15/14 | D1236: 3.57 | E1236: 5 | F1236: 42627 | G1236: =VLOOKUP(B1236,'Transformer Data'!B:C,2,FALSE) -> 160
A1237: 0203371608 | B1237: AZ0022 | C1237: DK95/7/12-1/4AA | D1237: 5.2 | E1237: 5 | F1237: 44189.523 | G1237: =VLOOKUP(B1237,'Transformer Data'!B:C,2,FALSE) -> 250
A1238: 0203376008 | B1238: AZ0022 | C1238: DKR95/7/12-1/5 | D1238: 5.33 | E1238: 5 | F1238: 44644.792 | G1238: =VLOOKUP(B1238,'Transformer Data'!B:C,2,FALSE) -> 250
A1239: 0203379011 | B1239: AZ0768 | C1239: DKR95/7/15/6/2 | D1239: 5.1 | E1239: 5 | F1239: 42403 | G1239: =VLOOKUP(B1239,'Transformer Data'!B:C,2,FALSE) -> 160
A1240: 0203383510 | B1240: AZ0768 | C1240: DKR95/7/15/10 | D1240: 5 | E1240: 5 | F1240: 45462.422 | G1240: =VLOOKUP(B1240,'Transformer Data'!B:C,2,FALSE) -> 160
A1241: 0203383708 | B1241: AZ0768 | C1241: DKR95/7/15/11 | D1241: 7 | E1241: 6 | F1241: 45472.673 | G1241: =VLOOKUP(B1241,'Transformer Data'!B:C,2,FALSE) -> 160
... A1439: 0203042708 | B1439: AZ0057 | C1439: DK21 | D1439: 20.3 | E1439: 20 | F1439: 44463.672 | G1439: =VLOOKUP(B1439,'Transformer Data'!B:C,2,FALSE) -> 160
A1440: 0203042906 | B1440: AZ0057 | C1440: DK22-1K | D1440: 6.6 | E1440: 6 | F1440: 45442.427 | G1440: =VLOOKUP(B1440,'Transformer Data'!B:C,2,FALSE) -> 160 | K1440: AZ1203 | L1440: 100
A1441: 0203043005 | B1441: AZ0057 | C1441: DK22-1L | D1441: 19.8 | E1441: 20 | F1441: 45470.737 | G1441: =VLOOKUP(B1441,'Transformer Data'!B:C,2,FALSE) -> 160
A1442: 0203043203 | B1442: AZ0057 | C1442: DK22-1K | D1442: 6.6 | E1442: 6 | F1442: 45497.426 | G1442: =VLOOKUP(B1442,'Transformer Data'!B:C,2,FALSE) -> 160
A1443: 0203045304 | B1443: AZ0057 | C1443: DK25-1B6 | D1443: 6.05 | E1443: 6 | F1443: 45348.385 | G1443: =VLOOKUP(B1443,'Transformer Data'!B:C,2,FALSE) -> 160
A1444: 0203045711 | B1444: AZ0057 | C1444: DK25-1D | D1444: 5.55 | E1444: 5 | F1444: 45391.704 | G1444: =VLOOKUP(B1444,'Transformer Data'!B:C,2,FALSE) -> 160
A1445: 0203045909 | B1445: AZ0057 | C1445: DK25-1C | D1445: 4.5 | E1445: 4 | F1445: 41899 | G1445: =VLOOKUP(B1445,'Transformer Data'!B:C,2,FALSE) -> 160
A1446: 0203046404 | B1446: AZ0057 | C1446: DK25-1B4 | D1446: 17.68 | E1446: 27.6 | F1446: 43242.622 | G1446: =VLOOKUP(B1446,'Transformer Data'!B:C,2,FALSE) -> 160
A1447: 0203046602 | B1447: AZ0057 | C1447: DK24 | D1447: 6 | E1447: 6 | F1447: 42831 | G1447: =VLOOKUP(B1447,'Transformer Data'!B:C,2,FALSE) -> 160
A1448: 0203047405 | B1448: AZ0057 | C1448: DK25/1-1 | D1448: 6.12 | E1448: 6 | F1448: 42202 | G1448: =VLOOKUP(B1448,'Transformer Data'!B:C,2,FALSE) -> 160
A1449: 0203135207 | B1449: AZ0025 | C1449: DKR104ZJ-2/4 | D1449: 12.705 | E1449: 12 | F1449: 44009.433 | G1449: =VLOOKUP(B1449,'Transformer Data'!B:C,2,FALSE) -> 160
A1450: 0203135603 | B1450: AZ1203 | C1450: DKR104ZJ-2/4A | D1450: 6.6 | E1450: 6 | F1450: 45738.409 | G1450: =VLOOKUP(B1450,'Transformer Data'!B:C,2,FALSE) -> 100
A1451: 0203136307 | B1451: AZ1203 | C1451: DKR1042F-1/1 | D1451: 5.2 | E1451: 6 | F1451: 42943 | G1451: =VLOOKUP(B1451,'Transformer Data'!B:C,2,FALSE) -> 100
A1452: 0203221502 | B1452: AZ0024 | C1452: DKR104N/E-1B4 | D1452: 6.05 | E1452: 5 | F1452: 45863.72 | G1452: =VLOOKUP(B1452,'Transformer Data'!B:C,2,FALSE) -> 250
... A1615: 0205574908 | B1615: BZ0124 | C1615: AR75-1/6 | D1615: 2.5 | E1615: 4 | F1615: 41794 | G1615: =VLOOKUP(B1615,'Transformer Data'!B:C,2,FALSE) -> 160
A1616: 0205575007 | B1616: BZ0124 | C1616: AR75-1/6 | D1616: 3.3 | E1616: 3 | F1616: 44037.674 | G1616: =VLOOKUP(B1616,'Transformer Data'!B:C,2,FALSE) -> 160 | K1616: BZ0167 | L1616: 100
A1617: 0205578010 | B1617: BZ0124 | C1617: AR72A | D1617: 6.24 | E1617: 6 | F1617: 43403.508 | G1617: =VLOOKUP(B1617,'Transformer Data'!B:C,2,FALSE) -> 160
A1618: 0205579110 | B1618: BZ0124 | C1618: AR71/1 | D1618: 3.25 | E1618: 4 | F1618: 43153.721 | G1618: =VLOOKUP(B1618,'Transformer Data'!B:C,2,FALSE) -> 160
...

Sheet Pivot Table V2
A3: Row Labels | B3: Sum of INV_CAPACITY
A4: AW9062 | B4: 250
A5: PW47/21 | B5: 250
A6: Grand Total | B6: 250
A13: 2
B17: AZ

Sheet Solar Data V2
A1: ACCOUNT_NO | B1: TRANSFORMER_CODE | C1: POLE | D1: CAPACITY | E1: INV_CAPACITY | F1: NET_CON_START_DATE
A2: 0200162809 | B2: AZ0102 | C2: PN69C | D2: 16.5 | E2: 15 | F2: 44097.661
A3: 0200251711 | B3: AZ0653 | C3: PW28/6 | D3: 33.6 | E3: 30 | F3: 45530.527
A4: 0200323002 | B4: AZ0106 | C4: PW70/24/12 | D4: 4.72 | E4: 5 | F4: 45517.468
A5: 0200330504 | B5: AZ0106 | C5: PW70/24/4 | D5: 6.05 | E5: 5 | F5: 45819.759
A6: 0200337005 | B6: AZ0106 | C6: PW70/24/10F | D6: 6.05 | E6: 5 | F6: 45881.775
A7: 0200359302 | B7: AZ0652 | C7: PW6/13-1/1 | D7: 10.87 | E7: 12.5 | F7: 44189.622
A8: 0200361304 | B8: AZ0689 | C8: PW13 | D8: 42.24 | E8: 40 | F8: 43251.561
A9: 0200396702 | B9: AZ0676 | C9: PN16Y/D | D9: 3.41 | E9: 3 | F9: 44282.402
A10: 0200399001 | B10: AZ0676 | C10: PN16Y/F | D10: 8.25 | E10: 8 | F10: 43154.739
A11: 0200399903 | B11: AZ0676 | C11: PN16Y/H | D11: 5.45 | E11: 5 | F11: 45369.623
A12: 0200402708 | B12: AZ0676 | C12: PN16Y/L/A | D12: 2.2 | E12: 2 | F12: 45369.681
A13: 0200409902 | B13: AZ0676 | C13: PN16X/B | D13: 40.12 | E13: 40 | F13: 45772.759
... A4745: 0211602303 | B4745: BZ0147 | C4745: AR32E4 | D4745: 7.44 | E4745: 5 | F4745: 45854.774

Sheet Transformer Data
A1: Index | B1: tx_id | C1: kVA_rating
A2: 1 | B2: AZ9612 | C2: 160
A3: 2 | B3: AZ0028 | C3: 160
A4: 3 | B4: AZ0708 | C4: 160
A5: 4 | B5: AZ0076 | C5: 100
A6: 5 | B6: AZ0091 | C6: 160
A7: 6 | B7: AZ0733 | C7: 160
A8: 7 | B8: AZ0061 | C8: 160
A9: 8 | B9: AZ0067 | C9: 100
A10: 9 | B10: AZ0074 | C10: 100
A11: 10 | B11: AZ0077 | C11: 250
A12: 11 | B12: AZ0089 | C12: 160
A13: 12 | B13: AZ0090 | C13: 160
... A300: 299 | B300: AZ9848 | C300: 100
A301: 300 | B301: AZ9842 | C301: null
A302: 301 | B302: AZ9844 | C302: 160
A303: 302 | B303: AZ0702 | C303: 160
A304: 303 | B304: AZ0360 | C304: 160
A305: 304 | B305: AZ9813 | C305: 400
A306: 305 | B306: AZ9843 | C306: 100
A307: 306 | B307: AZ0014 | C307: 160
A308: 307 | B308: AZ9822 | C308: 160
A309: 308 | B309: AZ0021 | C309: 160
A310: 309 | B310: AZ9829 | C310: 160
A311: 310 | B311: AZ0023 | C311: 250
A312: 311 | B312: AZ9834 | C312: 160
A313: 312 | B313: AZ9826 | C313: 250
... A577: 576 | B577: BZ9640 | C577: 250
A578: 577 | B578: AZ9063 | C578: null
A579: 578 | B579: AZ9054 | C579: 160
A580: 579 | B580: AZ0670 | C580: 160
A581: 580 | B581: AZ9762 | C581: 400
A582: 581 | B582: AZ9068 | C582: 160
A583: 582 | B583: AZ9906 | C583: 100
A584: 583 | B584: AZ9039 | C584: 400
A585: 584 | B585: AZ9066 | C585: 250
A586: 585 | B586: AZ9065 | C586: 100
A587: 586 | B587: AZ9070 | C587: 400
A588: 587 | B588: AZ0655 | C588: 100
A589: 588 | B589: AZ9003 | C589: 100
A590: 589 | B590: AZ9008 | C590: 160
... A974: 973 | B974: AW9062 | C974: 1000
A975: 974 | B975: BZ0165
A976: 975 | B976: AZ9962 | C976: 0
A977: 976 | B977: AZ9077 | C977: 100
A978: 977 | B978: CY0063 | C978: 1000
A979: 977 | B979: AZ9842 | C979: 250
A980: 977 | B980: AZ1162 | C980: 160
A981: 977 | B981: AZ1158 | C981: 100
A982: 977 | B982: AZ9685 | C982: 100
A983: 977 | B983: AZ1156 | C983: 400
A984: 977 | B984: AZ1159 | C984: 100
A985: 977 | B985: AZ1160 | C985: 160
A986: 977 | B986: BZ0168 | C986: 160
A987: 977 | B987: BZ0165 | C987: 1000
... A990: 977 | B990: AZ9962 | C990: 0

Sheet Pivot Table- Transformer Wise
A3: Sum of INV_CAPACITY
A4: TRANSFORMER_CODE | B4: Tr cap | C4: POLE | D4: ACCOUNT_NO | E4: Total
A5: AW9062 | B5: 1000 | C5: PW47/21 | D5: 0210821809 | E5: 250
C6: PW47/21 Total | E6: 250
B7: 1000 Total | E7: 250
A8: AW9062 Total | E8: 250
A9: AX0695 | B9: 1000 | C9: PW16/18/L/M | D9: 0208381305 | E9: 870
C10: PW16/18/L/M Total | E10: 870
B11: 1000 Total | E11: 870
A12: AX0695 Total | E12: 870
A13: AZ0001 | B13: 160 | C13: DER26F1 | D13: 0203612904 | E13: 5
C14: DER26F1 Total | E14: 5
C15: DER26F1/2/1 | D15: 0203603202 | E15: 5
C16: DER26F1/2/1 Total | E16: 5
C17: DER26F10C | D17: 0203629503 | E17: 3
C18: DER26F10C Total | E18: 3
C19: DER26F13 | D19: 0203619306 | E19: 5
C20: DER26F13 Total | E20: 5
C21: DER26F2 | D21: 0203613410 | E21: 3
C22: DER26F2 Total | E22: 3
C23: DER26F2A | D23: 0203612706 | E23: 5
C24: DER26F2A Total | E24: 5
C25: DER26F2C | D25: 0203613102 | E25: 5
C26: DER26F2C Total | E26: 5
C27: DER26F3 | D27: 0203613311 | E27: 3
C28: DER26F3 Total | E28: 3
C29: DER26F3A | D29: 0203613905 | E29: 20
C30: DER26F3A Total | E30: 20
C31: DER26F4 | D31: 0203614708 | E31: 5
C32: DER26F4 Total | E32: 5
C33: DER26F4A | D33: 0203613707 | E33: 6
C34: DER26F4A Total | E34: 6
C35: DER26F4F | D35: 0203615808 | E35: 10
C36: DER26F4F Total | E36: 10
C37: DER26F4K | D37: 0203618404 | E37: 5
C38: DER26F4K Total | E38: 5
C39: DER26F4M/A | D39: 0203619603 | E39: 5
C40: DER26F4M/A Total | E40: 5
C41: DER26F6/5 | D41: 0203622903 | E41: 5
C42: DER26F6/5 Total | E42: 5
C43: DER26F6/7 | D43: 0203623002 | E43: 8
D44: 0203623101 | E44: 5
C45: DER26F6/7 Total | E45: 13
C46: DER26F8/1 | D46: 0203624509 | E46: 8
C47: DER26F8/1 Total | E47: 8
C48: DER26F9 | D48: 0203598406 | E48: 4
C49: DER26F9 Total | E49: 4
B50: 160 Total | E50: 115
A51: AZ0001 Total | E51: 115
A52: AZ0004 | B52: 100 | C52: DKR95/18//C | D52: 0204747609 | E52: 10
C53: DKR95/18//C Total | E53: 10
C54: DKR95/18B1 | D54: 0204746311 | E54: 5
C55: DKR95/18B1 Total | E55: 5
C56: DKR95/18B2 | D56: 0204745904 | E56: 20
C57: DKR95/18B2 Total | E57: 20
C58: DKR95/18D2 | D58: 0204743110 | E58: 5
C59: DKR95/18D2 Total | E59: 5
C60: DKR95/18F2 | D60: 0204714708 | E60: 6
C61: DKR95/18F2 Total | E61: 6
C62: DKR95/18F3 | D62: 0204714906 | E62: 10
C63: DKR95/18F3 Total | E63: 10
C64: DKR95/18G | D64: 0204714411 | E64: 15
D65: 0204715808 | E65: 4.2
C66: DKR95/18G Total | E66: 19.2
C67: DKR95/18H1 | D67: 0204714004 | E67: 10
D68: 0204714103 | E68: 5
C69: DKR95/18H1 Total | E69: 15
C70: DKR95/18H3 | D70: 0204713003 | E70: 4
D71: 0209648505 | E71: 5
C72: DKR95/18H3 Total | E72: 9
B73: 100 Total | E73: 99.2
A74: AZ0004 Total | E74: 99.2
A75: AZ0005 | B75: 100 | C75: DKR95/11/1 | D75: 0204717711 | E75: 5
C76: DKR95/11/1 Total | E76: 5
C77: DKR95/11/2 | D77: 0204718404 | E77: 2
C78: DKR95/11/2 Total | E78: 2
C79: DKR95/12 | D79: 0204729206 | E79: 10
C80: DKR95/12 Total | E80: 10
C81: DKR95/12/1-1 | D81: 0208359503 | E81: 5
C82: DKR95/12/1-1 Total | E82: 5
C83: DKR95/12/1A | D83: 0204731505 | E83: 3
C84: DKR95/12/1A Total | E84: 3
C85: DKR95/12/2 | D85: 0204735102 | E85: 3
D86: 0210613007 | E86: 6
C87: DKR95/12/2 Total | E87: 9
C88: DKR95/12/4 | D88: 0204735311 | E88: 5
C89: DKR95/12/4 Total | E89: 5
C90: DKR95/12/5 | D90: 0204736411 | E90: 4
C91: DKR95/12/5 Total | E91: 4
C92: DKR95/13 | D92: 0204729305 | E92: 20
C93: DKR95/13 Total | E93: 20
C94: DKR95/15 | D94: 0204730504 | E94: 5
D95: 0204740404 | E95: 2.5
C96: DKR95/15 Total | E96: 7.5
C97: DKR95/16 | D97: 0204740206 | E97: 2
D98: 0207917303 | E98: 2.5
C99: DKR95/16 Total | E99: 4.5
C100: DKR95/17 | D100: 0204741009 | E100: 15
C101: DKR95/17 Total | E101: 15
B102: 100 Total | E102: 90
...
